Source URL,Target URL,Status code,Preserve query string,Preserve path suffix
https://qiaben.com/what-is-dental-billing/,https://qiaben.com/blog/what-is-dental-billing/,301,true,false
https://qiaben.com/unlocking-the-mystery-of-96372-cpt-code-maximise-your-revenue/,https://qiaben.com/blog/unlocking-the-mystery-of-96372-cpt-code-maximise-your-revenue/,301,true,false
https://qiaben.com/cfpbs-frotman-speaks-on-medical-debt-collections-and-rental-financial-products/,https://qiaben.com/blog/cfpbs-frotman-speaks-on-medical-debt-collections-and-rental-financial-products/,301,true,false
https://qiaben.com/how-to-optimise-medical-billing-for-your-practice/,https://qiaben.com/blog/how-to-optimise-medical-billing-for-your-practice/,301,true,false
https://qiaben.com/how-to-choose-the-right-medical-billing-service-provider-here-is-what-you-wanted-to-know/,https://qiaben.com/blog/how-to-choose-the-right-medical-billing-service-provider-here-is-what-you-wanted-to-know/,301,true,false
https://qiaben.com/2024-medical-billing-partner/,https://qiaben.com/blog/2024-medical-billing-partner/,301,true,false
https://qiaben.com/enhance-your-coding-skills-with-accurate-icd-10-code-assignment/,https://qiaben.com/blog/enhance-your-coding-skills-with-accurate-icd-10-code-assignment/,301,true,false
https://qiaben.com/10-common-dental-billing-mistakes-you-need-to-avoid/,https://qiaben.com/blog/10-common-dental-billing-mistakes-you-need-to-avoid/,301,true,false
https://qiaben.com/do-icd-10-codes-for-dental-billing-been-updated-in-2024/,https://qiaben.com/blog/do-icd-10-codes-for-dental-billing-been-updated-in-2024/,301,true,false
https://qiaben.com/discover-how-qiabens-free-ehr-software-can-transform-your-practice-in-the-usa/,https://qiaben.com/blog/discover-how-qiabens-free-ehr-software-can-transform-your-practice-in-the-usa/,301,true,false
https://qiaben.com/streamline-your-practice-with-expert-medical-billing-in-the-usa/,https://qiaben.com/blog/streamline-your-practice-with-expert-medical-billing-in-the-usa/,301,true,false
https://qiaben.com/ensuring-accuracy-in-medical-billing-processes/,https://qiaben.com/blog/ensuring-accuracy-in-medical-billing-processes/,301,true,false
https://qiaben.com/understanding-dental-billing-trends-in-dental-practices-insights-from-the-usa-in-2024/,https://qiaben.com/blog/understanding-dental-billing-trends-in-dental-practices-insights-from-the-usa-in-2024/,301,true,false
https://qiaben.com/cms-1500-2-part-used-in-healthcare-practices/,https://qiaben.com/blog/cms-1500-2-part-used-in-healthcare-practices/,301,true,false
https://qiaben.com/how-qiabens-medical-billing-services-can-boost-your-practices-profitability/,https://qiaben.com/blog/how-qiabens-medical-billing-services-can-boost-your-practices-profitability/,301,true,false
https://qiaben.com/what-is-dental-billing-services/,https://qiaben.com/blog/what-is-dental-billing-services/,301,true,false
https://qiaben.com/how-to-easily-transition-to-qiabens-free-ehr-software/,https://qiaben.com/blog/how-to-easily-transition-to-qiabens-free-ehr-software/,301,true,false
https://qiaben.com/faqs-about-qiabens-free-ehr-software-what-us-healthcare-providers-need-to-know/,https://qiaben.com/blog/faqs-about-qiabens-free-ehr-software-what-us-healthcare-providers-need-to-know/,301,true,false
https://qiaben.com/exploring-the-security-features-of-qiabens-free-ehr-software-for-us-healthcare-providers/,https://qiaben.com/blog/exploring-the-security-features-of-qiabens-free-ehr-software-for-us-healthcare-providers/,301,true,false
https://qiaben.com/how-does-effective-revenue-cycle-management-impact-cash-flow/,https://qiaben.com/blog/how-does-effective-revenue-cycle-management-impact-cash-flow/,301,true,false
https://qiaben.com/migrating-your-data-to-qiabens-free-ehr-software-tips-and-best-practices/,https://qiaben.com/blog/migrating-your-data-to-qiabens-free-ehr-software-tips-and-best-practices/,301,true,false
https://qiaben.com/medical-billing-for-nurse-practitioners-at-qiaben-health-affordable-efficient-and-integrated/,https://qiaben.com/blog/medical-billing-for-nurse-practitioners-at-qiaben-health-affordable-efficient-and-integrated/,301,true,false
https://qiaben.com/the-ultimate-checklist-for-implementing-qiabens-free-ehr-software-in-usa-medical-offices/,https://qiaben.com/blog/the-ultimate-checklist-for-implementing-qiabens-free-ehr-software-in-usa-medical-offices/,301,true,false
https://qiaben.com/streamline-your-practice-with-qiaben-healths-medical-billing-solution/,https://qiaben.com/blog/streamline-your-practice-with-qiaben-healths-medical-billing-solution/,301,true,false
https://qiaben.com/how-does-ai-improve-billing-qiaben-health-guide-part-01/,https://qiaben.com/blog/how-does-ai-improve-billing-qiaben-health-guide-part-01/,301,true,false
https://qiaben.com/is-ai-secure-for-medical-data-qiaben-health-guide-part-02/,https://qiaben.com/blog/is-ai-secure-for-medical-data-qiaben-health-guide-part-02/,301,true,false
https://qiaben.com/is-ai-expensive-for-medical-billing-qiaben-health-guide-part-03/,https://qiaben.com/blog/is-ai-expensive-for-medical-billing-qiaben-health-guide-part-03/,301,true,false
https://qiaben.com/can-ai-predict-billing-trends-qiaben-health-guide-part-04/,https://qiaben.com/blog/can-ai-predict-billing-trends-qiaben-health-guide-part-04/,301,true,false
https://qiaben.com/debunking-myths-about-medical-billing/,https://qiaben.com/blog/debunking-myths-about-medical-billing/,301,true,false
https://qiaben.com/how-ais-transforming-medical-dental-billing/,https://qiaben.com/blog/how-ais-transforming-medical-dental-billing/,301,true,false
https://qiaben.com/the-future-of-healthcare-billing-trends-to-watch/,https://qiaben.com/blog/the-future-of-healthcare-billing-trends-to-watch/,301,true,false
https://qiaben.com/how-to-choose-the-right-medical-billing-service-provider/,https://qiaben.com/blog/how-to-choose-the-right-medical-billing-service-provider/,301,true,false
https://qiaben.com/5-benefits-of-outsourcing-medical-dental-billing/,https://qiaben.com/blog/5-benefits-of-outsourcing-medical-dental-billing/,301,true,false
https://qiaben.com/changes-to-e-m-coding-a-practitioners-perspective-powered-by-qiaben-health/,https://qiaben.com/blog/changes-to-e-m-coding-a-practitioners-perspective-powered-by-qiaben-health/,301,true,false
https://qiaben.com/increased-focus-on-telehealth-a-practitioners-perspective-powered-by-qiaben-health/,https://qiaben.com/blog/increased-focus-on-telehealth-a-practitioners-perspective-powered-by-qiaben-health/,301,true,false
https://qiaben.com/the-role-of-medical-billing-in-improving-patient-care/,https://qiaben.com/blog/the-role-of-medical-billing-in-improving-patient-care/,301,true,false
https://qiaben.com/ai-integration-on-medical-and-dental-billing/,https://qiaben.com/blog/ai-integration-on-medical-and-dental-billing/,301,true,false
https://qiaben.com/insurance-verification-in-medical-billing/,https://qiaben.com/blog/insurance-verification-in-medical-billing/,301,true,false
https://qiaben.com/finding-the-best-dental-insurance-in-the-usa-a-quick-overview-of-the-most-attractive-plans/,https://qiaben.com/blog/finding-the-best-dental-insurance-in-the-usa-a-quick-overview-of-the-most-attractive-plans/,301,true,false
https://qiaben.com/top-8-best-ehr-companies-for-small-practices-in-2024/,https://qiaben.com/blog/top-8-best-ehr-companies-for-small-practices-in-2024/,301,true,false
https://qiaben.com/free-ehr-software-for-mental-health-providers-how-to-choose-the-right-one-for-your-practice/,https://qiaben.com/blog/free-ehr-software-for-mental-health-providers-how-to-choose-the-right-one-for-your-practice/,301,true,false
https://qiaben.com/medical-billing-insurance-validation/,https://qiaben.com/blog/medical-billing-insurance-validation/,301,true,false
https://qiaben.com/revolution-of-dental-billing-top-trends-for-modern-practices/,https://qiaben.com/blog/revolution-of-dental-billing-top-trends-for-modern-practices/,301,true,false
https://qiaben.com/effective-dental-billing-practice/,https://qiaben.com/blog/effective-dental-billing-practice/,301,true,false
https://qiaben.com/key-trends-in-dental-billing-for-2024/,https://qiaben.com/blog/key-trends-in-dental-billing-for-2024/,301,true,false
https://qiaben.com/mastering-the-dental-billing-process-for-optimal-efficiency/,https://qiaben.com/blog/mastering-the-dental-billing-process-for-optimal-efficiency/,301,true,false
https://qiaben.com/the-role-of-ehr-in-telehealth-enhancing-remote-patient-management/,https://qiaben.com/blog/the-role-of-ehr-in-telehealth-enhancing-remote-patient-management/,301,true,false
https://qiaben.com/handling-denials-and-appeals-in-dental-billing-best-practices/,https://qiaben.com/blog/handling-denials-and-appeals-in-dental-billing-best-practices/,301,true,false
https://qiaben.com/how-to-train-your-team-for-effective-dental-billing-processes/,https://qiaben.com/blog/how-to-train-your-team-for-effective-dental-billing-processes/,301,true,false
https://qiaben.com/future-trends-in-dental-billing-software/,https://qiaben.com/blog/future-trends-in-dental-billing-software/,301,true,false
https://qiaben.com/the-importance-of-cdt-codes-in-dental-billing-why-accurate-coding-matters/,https://qiaben.com/blog/the-importance-of-cdt-codes-in-dental-billing-why-accurate-coding-matters/,301,true,false
https://qiaben.com/top-10-types-of-cdt-codes-and-how-they-streamline-dental-billing/,https://qiaben.com/blog/top-10-types-of-cdt-codes-and-how-they-streamline-dental-billing/,301,true,false
https://qiaben.com/maximizing-revenue-the-impact-of-professional-medical-coding-services-on-healthcare-facilities/,https://qiaben.com/blog/maximizing-revenue-the-impact-of-professional-medical-coding-services-on-healthcare-facilities/,301,true,false
https://qiaben.com/understanding-diagnostic-codes-d0100-d0999-and-their-role-in-healthcare/,https://qiaben.com/blog/understanding-diagnostic-codes-d0100-d0999-and-their-role-in-healthcare/,301,true,false
https://qiaben.com/stay-ahead-with-preventive-dental-billing-d1000-d1999-code-overview/,https://qiaben.com/blog/stay-ahead-with-preventive-dental-billing-d1000-d1999-code-overview/,301,true,false
https://qiaben.com/revolutionizing-healthcare-the-role-of-electronic-health-records-ehr-in-modern-medicine/,https://qiaben.com/blog/revolutionizing-healthcare-the-role-of-electronic-health-records-ehr-in-modern-medicine/,301,true,false
https://qiaben.com/the-2025-reimbursement-shift-preparing-your-practice-for-physician-payment-changes/,https://qiaben.com/blog/the-2025-reimbursement-shift-preparing-your-practice-for-physician-payment-changes/,301,true,false
https://qiaben.com/simplifying-restorative-dental-billing-with-d2000-d2999-codes/,https://qiaben.com/blog/simplifying-restorative-dental-billing-with-d2000-d2999-codes/,301,true,false
https://qiaben.com/critical-signs-you-should-consider-to-outsource-your-billing/,https://qiaben.com/blog/critical-signs-you-should-consider-to-outsource-your-billing/,301,true,false
https://qiaben.com/streamlining-dental-billing-insights-into-endodontic-codes-d3000-d3999/,https://qiaben.com/blog/streamlining-dental-billing-insights-into-endodontic-codes-d3000-d3999/,301,true,false
https://qiaben.com/mastering-periodontic-billing-key-insights-on-d4000-d4999-codes/,https://qiaben.com/blog/mastering-periodontic-billing-key-insights-on-d4000-d4999-codes/,301,true,false
https://qiaben.com/a-guide-to-insurance-credentialing-for-emerging-medical-practices/,https://qiaben.com/blog/a-guide-to-insurance-credentialing-for-emerging-medical-practices/,301,true,false
https://qiaben.com/prosthodontic-coding-made-easy-focus-on-d5000-d5899-codes/,https://qiaben.com/blog/prosthodontic-coding-made-easy-focus-on-d5000-d5899-codes/,301,true,false
https://qiaben.com/expert-solutions-for-tackling-critical-care-revenue-cycle-challenges-in-medical-billing/,https://qiaben.com/blog/expert-solutions-for-tackling-critical-care-revenue-cycle-challenges-in-medical-billing/,301,true,false
https://qiaben.com/top-wound-care-billing-metrics-every-physician-should-know/,https://qiaben.com/blog/top-wound-care-billing-metrics-every-physician-should-know/,301,true,false
https://qiaben.com/simplifying-maxillofacial-prosthetics-billing-a-guide-to-d5900-d5999-codes/,https://qiaben.com/blog/simplifying-maxillofacial-prosthetics-billing-a-guide-to-d5900-d5999-codes/,301,true,false
https://qiaben.com/implant-services-billing-understanding-d6000-d6199-codes/,https://qiaben.com/blog/implant-services-billing-understanding-d6000-d6199-codes/,301,true,false
https://qiaben.com/how-the-best-ehr-software-transforms-patient-appointment-scheduling/,https://qiaben.com/blog/how-the-best-ehr-software-transforms-patient-appointment-scheduling/,301,true,false
https://qiaben.com/medical-billing-made-easy-hassle-free-claim-submission-explained/,https://qiaben.com/blog/medical-billing-made-easy-hassle-free-claim-submission-explained/,301,true,false
https://qiaben.com/remote-dental-billing-jobs-in-2025-how-to-begin-and-succeed/,https://qiaben.com/blog/remote-dental-billing-jobs-in-2025-how-to-begin-and-succeed/,301,true,false
https://qiaben.com/top-dental-billing-techniques-in-2025-maximizing-revenue-and-efficiency/,https://qiaben.com/blog/top-dental-billing-techniques-in-2025-maximizing-revenue-and-efficiency/,301,true,false
https://qiaben.com/top-dental-billing-challenges-and-solutions-for-2025/,https://qiaben.com/blog/top-dental-billing-challenges-and-solutions-for-2025/,301,true,false
https://qiaben.com/smart-patient-payment-plans-for-better-cash-flow-care/,https://qiaben.com/blog/smart-patient-payment-plans-for-better-cash-flow-care/,301,true,false
https://qiaben.com/top-companies-hiring-for-remote-dental-billing-jobs-in-2025/,https://qiaben.com/blog/top-companies-hiring-for-remote-dental-billing-jobs-in-2025/,301,true,false
https://qiaben.com/uncover-the-hidden-struggles-of-internal-medicine-billing/,https://qiaben.com/blog/uncover-the-hidden-struggles-of-internal-medicine-billing/,301,true,false
https://qiaben.com/what-are-the-key-benefits-of-ehr-and-billing-integration/,https://qiaben.com/blog/what-are-the-key-benefits-of-ehr-and-billing-integration/,301,true,false
https://qiaben.com/how-to-improve-dental-practice-revenue-unlocking-the-power-of-dental-billing-services/,https://qiaben.com/blog/how-to-improve-dental-practice-revenue-unlocking-the-power-of-dental-billing-services/,301,true,false
https://qiaben.com/importance-of-outsourcing-dental-billing/,https://qiaben.com/blog/importance-of-outsourcing-dental-billing/,301,true,false
https://qiaben.com/5-key-benefits-of-using-an-ehr-dashboard-in-healthcare/,https://qiaben.com/blog/5-key-benefits-of-using-an-ehr-dashboard-in-healthcare/,301,true,false
https://qiaben.com/hospice-medical-billing-services-unlock-hidden-revenue-now/,https://qiaben.com/blog/hospice-medical-billing-services-unlock-hidden-revenue-now/,301,true,false
https://qiaben.com/how-to-handle-a-dental-patient-who-has-a-problem-with-their-bill/,https://qiaben.com/blog/how-to-handle-a-dental-patient-who-has-a-problem-with-their-bill/,301,true,false
https://qiaben.com/the-future-of-rcm-innovations-and-predictions/,https://qiaben.com/blog/the-future-of-rcm-innovations-and-predictions/,301,true,false
https://qiaben.com/top-tips-for-improving-dental-billing-efficiency-with-qiaben-health/,https://qiaben.com/blog/top-tips-for-improving-dental-billing-efficiency-with-qiaben-health/,301,true,false
https://qiaben.com/how-ehr-enhances-decision-making-for-healthcare-professionals/,https://qiaben.com/blog/how-ehr-enhances-decision-making-for-healthcare-professionals/,301,true,false
https://qiaben.com/medicares-2025-coding-overhaul-hidden-pitfalls-big-changes/,https://qiaben.com/blog/medicares-2025-coding-overhaul-hidden-pitfalls-big-changes/,301,true,false
https://qiaben.com/5-common-medical-billing-mistakes-how-to-avoid-them/,https://qiaben.com/blog/5-common-medical-billing-mistakes-how-to-avoid-them/,301,true,false
https://qiaben.com/how-do-revenue-cycle-services-enhance-ehr-functionality/,https://qiaben.com/blog/how-do-revenue-cycle-services-enhance-ehr-functionality/,301,true,false
https://qiaben.com/top-dental-billing-companies-ultimate/,https://qiaben.com/blog/top-dental-billing-companies-ultimate/,301,true,false
https://qiaben.com/10-tips-for-getting-started-with-ai-scribe-and-ehr/,https://qiaben.com/blog/10-tips-for-getting-started-with-ai-scribe-and-ehr/,301,true,false
https://qiaben.com/avoid-these-5-costly-dental-billing-mistakes-in-2025/,https://qiaben.com/blog/avoid-these-5-costly-dental-billing-mistakes-in-2025/,301,true,false
https://qiaben.com/the-role-of-dental-billing-services-in-modern-dentistry/,https://qiaben.com/blog/the-role-of-dental-billing-services-in-modern-dentistry/,301,true,false
https://qiaben.com/supercharge-your-dental-billing-in-2025-essential-tips-for-financial-growth/,https://qiaben.com/blog/supercharge-your-dental-billing-in-2025-essential-tips-for-financial-growth/,301,true,false
https://qiaben.com/unlock-hidden-profits-how-revenue-cycle-analytics-boosts-rcm/,https://qiaben.com/blog/unlock-hidden-profits-how-revenue-cycle-analytics-boosts-rcm/,301,true,false
https://qiaben.com/how-to-install-openemr-on-windows-a-step-by-step-guide/,https://qiaben.com/blog/how-to-install-openemr-on-windows-a-step-by-step-guide/,301,true,false
https://qiaben.com/ai-driven-breakthrough-transforming-your-dental-practice-for-unstoppable-growth/,https://qiaben.com/blog/ai-driven-breakthrough-transforming-your-dental-practice-for-unstoppable-growth/,301,true,false
https://qiaben.com/how-does-on-premises-openemr-compare-to-cloud-solutions/,https://qiaben.com/blog/how-does-on-premises-openemr-compare-to-cloud-solutions/,301,true,false
https://qiaben.com/billing-mistakes-cost-you-use-these-oncology-modifiers-right/,https://qiaben.com/blog/billing-mistakes-cost-you-use-these-oncology-modifiers-right/,301,true,false
https://qiaben.com/what-are-hipaa-violations-and-how-to-avoid-them/,https://qiaben.com/blog/what-are-hipaa-violations-and-how-to-avoid-them/,301,true,false
https://qiaben.com/what-are-the-steps-to-install-openemr-for-a-clinic/,https://qiaben.com/blog/what-are-the-steps-to-install-openemr-for-a-clinic/,301,true,false
https://qiaben.com/what-steps-should-i-take-for-openemr-installation-issues/,https://qiaben.com/blog/what-steps-should-i-take-for-openemr-installation-issues/,301,true,false
https://qiaben.com/optimizing-revenue-cycle-management-with-openemr-and-qiaben/,https://qiaben.com/blog/optimizing-revenue-cycle-management-with-openemr-and-qiaben/,301,true,false
https://qiaben.com/revolutionising-dental-growth-the-secret-power-of-billing-companies/,https://qiaben.com/blog/revolutionising-dental-growth-the-secret-power-of-billing-companies/,301,true,false
https://qiaben.com/transform-your-medical-practice-with-qiabens-openemr-billing-expertise/,https://qiaben.com/blog/transform-your-medical-practice-with-qiabens-openemr-billing-expertise/,301,true,false
https://qiaben.com/best-practices-for-dental-insurance-verification-in-2025/,https://qiaben.com/blog/best-practices-for-dental-insurance-verification-in-2025/,301,true,false
https://qiaben.com/cpt-codes-made-simple-boost-your-medical-billing-success/,https://qiaben.com/blog/cpt-codes-made-simple-boost-your-medical-billing-success/,301,true,false
https://qiaben.com/medical-billing-business-how-to-get-started-the-right-way/,https://qiaben.com/blog/medical-billing-business-how-to-get-started-the-right-way/,301,true,false
https://qiaben.com/hipaa-compliance-uncovered-the-ultimate-guide-to-secure-medical-billing/,https://qiaben.com/blog/hipaa-compliance-uncovered-the-ultimate-guide-to-secure-medical-billing/,301,true,false
https://qiaben.com/how-to-secure-medical-billing-systems-from-cyberattacks/,https://qiaben.com/blog/how-to-secure-medical-billing-systems-from-cyberattacks/,301,true,false
https://qiaben.com/dental-billing-secrets-every-practice-should-know/,https://qiaben.com/blog/dental-billing-secrets-every-practice-should-know/,301,true,false
https://qiaben.com/how-does-openemr-simplify-medical-billing-processes/,https://qiaben.com/blog/how-does-openemr-simplify-medical-billing-processes/,301,true,false
https://qiaben.com/how-to-migrate-from-another-emr-to-openemr/,https://qiaben.com/blog/how-to-migrate-from-another-emr-to-openemr/,301,true,false
https://qiaben.com/boost-your-bottom-line-little-known-secrets-to-dental-billing-profitability/,https://qiaben.com/blog/boost-your-bottom-line-little-known-secrets-to-dental-billing-profitability/,301,true,false
https://qiaben.com/hipaa-proof-your-practice-privacy-security-compliance-simplified/,https://qiaben.com/blog/hipaa-proof-your-practice-privacy-security-compliance-simplified/,301,true,false
https://qiaben.com/how-to-optimize-mid-revenue-cycle-services-for-more-profit/,https://qiaben.com/blog/how-to-optimize-mid-revenue-cycle-services-for-more-profit/,301,true,false
https://qiaben.com/openemr-security-compliance/,https://qiaben.com/blog/openemr-security-compliance/,301,true,false
https://qiaben.com/openemr-support-maintenance/,https://qiaben.com/blog/openemr-support-maintenance/,301,true,false
https://qiaben.com/what-are-the-best-customizations-for-openemr-in-dentistry/,https://qiaben.com/blog/what-are-the-best-customizations-for-openemr-in-dentistry/,301,true,false
https://qiaben.com/win-at-medical-billing-optimize-drg-payments-for-growth/,https://qiaben.com/blog/win-at-medical-billing-optimize-drg-payments-for-growth/,301,true,false
https://qiaben.com/cpt-codes-in-medical-billing-everything-you-need-to-know/,https://qiaben.com/blog/cpt-codes-in-medical-billing-everything-you-need-to-know/,301,true,false
https://qiaben.com/exploring-openemrs-core-features-what-you-need-to-know/,https://qiaben.com/blog/exploring-openemrs-core-features-what-you-need-to-know/,301,true,false
https://qiaben.com/how-to-customize-openemr-for-your-specialty-dental-dermatology-etc/,https://qiaben.com/blog/how-to-customize-openemr-for-your-specialty-dental-dermatology-etc/,301,true,false
https://qiaben.com/transform-your-medical-practice-with-qiabens-openemr-billing-expertise-2/,https://qiaben.com/blog/transform-your-medical-practice-with-qiabens-openemr-billing-expertise-2/,301,true,false
https://qiaben.com/empower-growth-with-trusted-physician-credentialing-service/,https://qiaben.com/blog/empower-growth-with-trusted-physician-credentialing-service/,301,true,false
https://qiaben.com/unlocking-the-secrets-of-dental-billing-simplify-save-and-succeed/,https://qiaben.com/blog/unlocking-the-secrets-of-dental-billing-simplify-save-and-succeed/,301,true,false
https://qiaben.com/what-is-openemr-benefits-features-setup-guid/,https://qiaben.com/blog/what-is-openemr-benefits-features-setup-guid/,301,true,false
https://qiaben.com/fall-proof-your-dental-billing-simple-tip-for-maximum-payout/,https://qiaben.com/blog/fall-proof-your-dental-billing-simple-tip-for-maximum-payout/,301,true,false
https://qiaben.com/complete-guide-to-fmx-dental-code-and-other-typical-cdt-x-ray-codes/,https://qiaben.com/blog/complete-guide-to-fmx-dental-code-and-other-typical-cdt-x-ray-codes/,301,true,false
https://qiaben.com/d7140-d4341-and-more-understanding-the-most-used-dental-codes/,https://qiaben.com/blog/d7140-d4341-and-more-understanding-the-most-used-dental-codes/,301,true,false
https://qiaben.com/what-is-primary-dental-insurance-and-how-does-it-work/,https://qiaben.com/blog/what-is-primary-dental-insurance-and-how-does-it-work/,301,true,false
https://qiaben.com/dental-coding-101-missing-tooth-clause-cob-and-non-duplication-of-benefits/,https://qiaben.com/blog/dental-coding-101-missing-tooth-clause-cob-and-non-duplication-of-benefits/,301,true,false
https://qiaben.com/waiting-periods-in-dental-insurance-explained-what-you-need-to-know-before-you-buy/,https://qiaben.com/blog/waiting-periods-in-dental-insurance-explained-what-you-need-to-know-before-you-buy/,301,true,false
https://qiaben.com/comprehensive-list-of-dental-procedure-codes-for-2025/,https://qiaben.com/blog/comprehensive-list-of-dental-procedure-codes-for-2025/,301,true,false
https://qiaben.com/root-tip-extraction-code-other-oral-surgery-billing-codes/,https://qiaben.com/blog/root-tip-extraction-code-other-oral-surgery-billing-codes/,301,true,false
https://qiaben.com/boost-practice-revenue-with-dental-revenue-cycle-management/,https://qiaben.com/blog/boost-practice-revenue-with-dental-revenue-cycle-management/,301,true,false
https://qiaben.com/why-your-practice-needs-dental-insurance-verification-services/,https://qiaben.com/blog/why-your-practice-needs-dental-insurance-verification-services/,301,true,false
https://qiaben.com/top-dental-accounting-services-for-stress-free-practice-management/,https://qiaben.com/blog/top-dental-accounting-services-for-stress-free-practice-management/,301,true,false
https://qiaben.com/best-dental-billing-and-coding-services-for-small-practices/,https://qiaben.com/blog/best-dental-billing-and-coding-services-for-small-practices/,301,true,false
https://qiaben.com/outsource-dental-billing-save-time-and-increase-reimbursements/,https://qiaben.com/blog/outsource-dental-billing-save-time-and-increase-reimbursements/,301,true,false
https://qiaben.com/how-dental-narratives-enhance-claim-approvals/,https://qiaben.com/blog/how-dental-narratives-enhance-claim-approvals/,301,true,false
https://qiaben.com/ehr-vs-emr-whats-the-difference-in-u-s-healthcare/,https://qiaben.com/blog/ehr-vs-emr-whats-the-difference-in-u-s-healthcare/,301,true,false
https://qiaben.com/ehr-systems-definition-a-beginners-guide-for-healthcare-professionals/,https://qiaben.com/blog/ehr-systems-definition-a-beginners-guide-for-healthcare-professionals/,301,true,false
https://qiaben.com/how-ehr-software-is-revolutionizing-medical-practice-the-ultimate-guide-to-electronic-health-records/,https://qiaben.com/blog/how-ehr-software-is-revolutionizing-medical-practice-the-ultimate-guide-to-electronic-health-records/,301,true,false
https://qiaben.com/anatomical-terminology-for-dental-billing/,https://qiaben.com/blog/anatomical-terminology-for-dental-billing/,301,true,false
https://qiaben.com/elementor-8121/,https://qiaben.com/blog/elementor-8121/,301,true,false
https://qiaben.com/the-foundation-of-gingiva-anatomy/,https://qiaben.com/blog/the-foundation-of-gingiva-anatomy/,301,true,false
https://qiaben.com/understanding-dental-billing-and-claims-management/,https://qiaben.com/blog/understanding-dental-billing-and-claims-management/,301,true,false
https://qiaben.com/hidden-benefits-of-outsourcing-in-dental-billing-a-human-guide-for-practices-and-patients/,https://qiaben.com/blog/hidden-benefits-of-outsourcing-in-dental-billing-a-human-guide-for-practices-and-patients/,301,true,false
https://qiaben.com/patient-payment-psychology-why-dental-bills-feel-scarier-than-dental-pain-and-how-qiaben-changes-that/,https://qiaben.com/blog/patient-payment-psychology-why-dental-bills-feel-scarier-than-dental-pain-and-how-qiaben-changes-that/,301,true,false
https://qiaben.com/why-small-practices-should-consider-a-free-ehr-real-roi-examples/,https://qiaben.com/blog/why-small-practices-should-consider-a-free-ehr-real-roi-examples/,301,true,false
https://qiaben.com/how-smart-tools-cut-dental-claim-denials-a-step-by-step-playbook/,https://qiaben.com/blog/how-smart-tools-cut-dental-claim-denials-a-step-by-step-playbook/,301,true,false
https://qiaben.com/openemr-hosting-101-is-managed-hosting-worth-approx-99-month/,https://qiaben.com/blog/openemr-hosting-101-is-managed-hosting-worth-approx-99-month/,301,true,false
https://qiaben.com/quick-credentialing-mistakes-that-cost-practices-thousands/,https://qiaben.com/blog/quick-credentialing-mistakes-that-cost-practices-thousands/,301,true,false
https://qiaben.com/ehr-emr-solutions-for-modern-healthcare-practices/,https://qiaben.com/blog/ehr-emr-solutions-for-modern-healthcare-practices/,301,true,false
https://qiaben.com/ehr-migration-checklist-avoid-these-10-data-transfer-pitfalls/,https://qiaben.com/blog/ehr-migration-checklist-avoid-these-10-data-transfer-pitfalls/,301,true,false
https://qiaben.com/case-study-how-a-dental-practice-recovered-25-revenue-in-6-months/,https://qiaben.com/blog/case-study-how-a-dental-practice-recovered-25-revenue-in-6-months/,301,true,false
https://qiaben.com/top-7-ehr-templates-every-pediatrician-needs/,https://qiaben.com/blog/top-7-ehr-templates-every-pediatrician-needs/,301,true,false
https://qiaben.com/telehealth-integration-best-practices-for-patient-adoption/,https://qiaben.com/blog/telehealth-integration-best-practices-for-patient-adoption/,301,true,false
https://qiaben.com/how-to-read-your-rcm-dashboard-5-kpis-that-matter/,https://qiaben.com/blog/how-to-read-your-rcm-dashboard-5-kpis-that-matter/,301,true,false
https://qiaben.com/hipaa-cloud-ehr-6-security-questions-to-ask-your-vendor/,https://qiaben.com/blog/hipaa-cloud-ehr-6-security-questions-to-ask-your-vendor/,301,true,false
https://qiaben.com/dental-coding-mistakes-that-trigger-denials-and-how-to-fix-them/,https://qiaben.com/blog/dental-coding-mistakes-that-trigger-denials-and-how-to-fix-them/,301,true,false
https://qiaben.com/preparing-for-an-audit-8-documents-every-practice-must-keep/,https://qiaben.com/blog/preparing-for-an-audit-8-documents-every-practice-must-keep/,301,true,false
https://qiaben.com/how-intelligent-billing-analytics-identify-patterns-that-leak-revenue/,https://qiaben.com/blog/how-intelligent-billing-analytics-identify-patterns-that-leak-revenue/,301,true,false
https://qiaben.com/7-patient-communication-scripts-that-reduce-no-shows/,https://qiaben.com/blog/7-patient-communication-scripts-that-reduce-no-shows/,301,true,false
https://qiaben.com/expert-dental-billing-accurate-coding-solutions/,https://qiaben.com/blog/expert-dental-billing-accurate-coding-solutions/,301,true,false
https://qiaben.com/complete-specialty-based-medical-billing-solutions/,https://qiaben.com/blog/complete-specialty-based-medical-billing-solutions/,301,true,false
https://qiaben.com/how-ehr-and-emr-systems-improve-patient-record-management/,https://qiaben.com/blog/how-ehr-and-emr-systems-improve-patient-record-management/,301,true,false
https://qiaben.com/quality-healthcare-services-with-advanced-technology/,https://qiaben.com/blog/quality-healthcare-services-with-advanced-technology/,301,true,false
https://qiaben.com/reduce-claim-denials-with-insurance-verification-services/,https://qiaben.com/blog/reduce-claim-denials-with-insurance-verification-services/,301,true,false
https://qiaben.com/why-professional-ambulance-billing-services-are-essential-for-ems-providers/,https://qiaben.com/blog/why-professional-ambulance-billing-services-are-essential-for-ems-providers/,301,true,false
https://qiaben.com/how-to-choose-the-best-ambulance-medical-billing-company-for-your-agency/,https://qiaben.com/blog/how-to-choose-the-best-ambulance-medical-billing-company-for-your-agency/,301,true,false
https://qiaben.com/top-ems-billing-solutions-that-maximize-reimbursements-in-2025/,https://qiaben.com/blog/top-ems-billing-solutions-that-maximize-reimbursements-in-2025/,301,true,false
https://qiaben.com/best-ambulance-billing-software-features-every-ems-agency-needs/,https://qiaben.com/blog/best-ambulance-billing-software-features-every-ems-agency-needs/,301,true,false
https://qiaben.com/ambulance-revenue-cycle-management-a-complete-guide-for-ems-agencies/,https://qiaben.com/blog/ambulance-revenue-cycle-management-a-complete-guide-for-ems-agencies/,301,true,false
https://qiaben.com/how-effective-ems-claims-management-reduces-denials-and-boosts-cash-flow/,https://qiaben.com/blog/how-effective-ems-claims-management-reduces-denials-and-boosts-cash-flow/,301,true,false
https://qiaben.com/ambulance-billing-compliance-avoiding-audits-and-penalties-in-ems/,https://qiaben.com/blog/ambulance-billing-compliance-avoiding-audits-and-penalties-in-ems/,301,true,false
https://qiaben.com/the-complete-guide-to-ambulance-billing-outsourcing-for-ems-providers/,https://qiaben.com/blog/the-complete-guide-to-ambulance-billing-outsourcing-for-ems-providers/,301,true,false
https://qiaben.com/medicare-ambulance-billing-guidelines-every-ems-agency-must-follow/,https://qiaben.com/blog/medicare-ambulance-billing-guidelines-every-ems-agency-must-follow/,301,true,false
https://qiaben.com/ambulance-coding-and-billing-key-codes-and-best-practices-for-ems/,https://qiaben.com/blog/ambulance-coding-and-billing-key-codes-and-best-practices-for-ems/,301,true,falsehttps://qiaben.com/about-us/,https://qiaben.com/about/,301,true,false
https://qiaben.com/specialties-2/,https://qiaben.com/specialties/,301,true,false
https://qiaben.com/privacy-policy-2/,https://qiaben.com/privacy-policy/,301,true,false
https://qiaben.com/home/physician-credentialing/,https://qiaben.com/physician-credentialing/,301,true,false
https://qiaben.com/book-an-appointment/,https://qiaben.com/contact/,301,true,false
https://qiaben.com/home-2/,https://qiaben.com/,301,true,false
https://qiaben.com/landing-page/,https://qiaben.com/,301,true,false
https://qiaben.com/customer-cabinet/,https://qiaben.com/,301,true,false
https://qiaben.com/customer-cabinet-2/,https://qiaben.com/,301,true,false
https://qiaben.com/dental-billing-web/,https://qiaben.com/dental-billing-services/,301,true,false
https://qiaben.com/qiaben-health-ehr-2/,https://qiaben.com/qiaben-health-ehr/,301,true,false
https://qiaben.com/shop/,https://qiaben.com/,301,true,false
https://qiaben.com/refund_returns/,https://qiaben.com/,301,true,false
https://qiaben.com/blog-post-title/,https://qiaben.com/blog/,301,true,false
